"Business Name","Slug","NFC URL","Google Review URL"
"Allure Hair Studio And Spa","allure-hair-studio-and-spa","https://connorgorman.ca/r/allure-hair-studio-and-spa","https://search.google.com/local/writereview?placeid=ChIJqwrJrUar0kwRi3IIFGgQQ9Q"
"Fancy Nails and Beauty Supplies","fancy-nails-and-beauty-supplies","https://connorgorman.ca/r/fancy-nails-and-beauty-supplies","https://search.google.com/local/writereview?placeid=ChIJizJLS-Gr0kwR2bm0TWPTvIc"
"Nice Nails Kingston","nice-nails-kingston","https://connorgorman.ca/r/nice-nails-kingston","https://search.google.com/local/writereview?placeid=ChIJH-DUElGs0kwRlPVRoAI5SAc"
"Ogini's barber shop","oginis-barber-shop","https://connorgorman.ca/r/oginis-barber-shop","https://search.google.com/local/writereview?placeid=ChIJR1HFZQer0kwR7I7sbvd58rk"
"Angel Nails","angel-nails","https://connorgorman.ca/r/angel-nails","https://search.google.com/local/writereview?placeid=ChIJDSZsZgCr0kwR3aTdDm27tE0"
"Cher-Mere Day Spa West End","cher-mere-day-spa-west-end","https://connorgorman.ca/r/cher-mere-day-spa-west-end","https://search.google.com/local/writereview?placeid=ChIJp4Lnlset0kwRSAk4c_c4ukA"
"Cleopatras Nails","cleopatras-nails","https://connorgorman.ca/r/cleopatras-nails","https://search.google.com/local/writereview?placeid=ChIJ9wp--f-q0kwRFFMJXqAjdgg"
"Eastside Barbershop","eastside-barbershop","https://connorgorman.ca/r/eastside-barbershop","https://search.google.com/local/writereview?placeid=ChIJodltdayr0kwRIDV_nTBLCzg"
"Elements Natural Therapies & Spa","elements-natural-therapies-spa","https://connorgorman.ca/r/elements-natural-therapies-spa","https://search.google.com/local/writereview?placeid=ChIJ_ZCidaSt0kwR4Q8uHSeegVQ"
"Fades Jimenez","fades-jimenez","https://connorgorman.ca/r/fades-jimenez","https://search.google.com/local/writereview?placeid=ChIJQ6r7Mp-r0kwR96MtWGSRvc4"
"FootStation Spa 知足乐","footstation-spa","https://connorgorman.ca/r/footstation-spa","https://search.google.com/local/writereview?placeid=ChIJ8XdA4M-r0kwRcaYKP_eaRJQ"
"Glow Spa Kingston","glow-spa-kingston","https://connorgorman.ca/r/glow-spa-kingston","https://search.google.com/local/writereview?placeid=ChIJw8ZLZvKr0kwRxd3U3uTlHGw"
"James Brett Coiffure","james-brett-coiffure","https://connorgorman.ca/r/james-brett-coiffure","https://search.google.com/local/writereview?placeid=ChIJZ9xN7_-q0kwRraqfvHyTYPU"
"Kingston Community Health Centres","kingston-community-health-centres","https://connorgorman.ca/r/kingston-community-health-centres","https://search.google.com/local/writereview?placeid=ChIJTzT4yNyr0kwRQw69P7aB6gc"
"Laura's Lovely Nails & Spa","lauras-lovely-nails-spa","https://connorgorman.ca/r/lauras-lovely-nails-spa","https://search.google.com/local/writereview?placeid=ChIJpaD3t6Wt0kwRNskBQAIRvqk"
"M.P. Nails","m-p-nails","https://connorgorman.ca/r/m-p-nails","https://search.google.com/local/writereview?placeid=ChIJK7hHif-q0kwR2dSQSxnUZ10"
"Sabaya Spa","sabaya-spa","https://connorgorman.ca/r/sabaya-spa","https://search.google.com/local/writereview?placeid=ChIJ8aeODf-q0kwRHGSfRBU2I-Y"
"Sarah's Nails in Kingston @sarahsnailsinkingston","sarahs-nails-in-kingston-sarahsnailsinkingston","https://connorgorman.ca/r/sarahs-nails-in-kingston-sarahsnailsinkingston","https://search.google.com/local/writereview?placeid=ChIJ9_1_oJur0kwRpYFOnscqcoI"
"Sir Johnnies Barber Shop","sir-johnnies-barber-shop","https://connorgorman.ca/r/sir-johnnies-barber-shop","https://search.google.com/local/writereview?placeid=ChIJl_sh5f-q0kwRMwIDqtR5COQ"
"Soussan's Barber Shop","soussans-barber-shop","https://connorgorman.ca/r/soussans-barber-shop","https://search.google.com/local/writereview?placeid=ChIJYWuPvQCr0kwRTruGg0G0RRw"
"The Loft Hair Studio","the-loft-hair-studio","https://connorgorman.ca/r/the-loft-hair-studio","https://search.google.com/local/writereview?placeid=ChIJYea_sPiq0kwRn8S-OR6AdJc"
"Tom's barbershop","toms-barbershop","https://connorgorman.ca/r/toms-barbershop","https://search.google.com/local/writereview?placeid=ChIJW-7Iy-6r0kwRnJ5e8mnUcA0"
"Total Look Hair Stylists","total-look-hair-stylists","https://connorgorman.ca/r/total-look-hair-stylists","https://search.google.com/local/writereview?placeid=ChIJR3KbDACr0kwRM3MrmgtH0ws"
"AK Nails & Beauty Spa","ak-nails-beauty-spa","https://connorgorman.ca/r/ak-nails-beauty-spa","https://search.google.com/local/writereview?placeid=ChIJs5RzTSet0kwRoRwobO6VuXI"
"Amethyst Nail Studio","amethyst-nail-studio","https://connorgorman.ca/r/amethyst-nail-studio","https://search.google.com/local/writereview?placeid=ChIJJUFb2TWt0kwRQ9-u1Dnkh0I"
"Bellevue Beauty Bar Nails & Spa","bellevue-beauty-bar-nails-spa","https://connorgorman.ca/r/bellevue-beauty-bar-nails-spa","https://search.google.com/local/writereview?placeid=ChIJkaxsHPGt0kwR1fWnUqcgeGM"
"Chrome Nails and Spa","chrome-nails-and-spa","https://connorgorman.ca/r/chrome-nails-and-spa","https://search.google.com/local/writereview?placeid=ChIJi6V9DXOt0kwReZYMTVugK0M"
"Dino's Barber Shop","dinos-barber-shop","https://connorgorman.ca/r/dinos-barber-shop","https://search.google.com/local/writereview?placeid=ChIJqUxuvQCr0kwRfEQjNHCoPyA"
"Dolce Bella Spa on the Rideau","dolce-bella-spa-on-the-rideau","https://connorgorman.ca/r/dolce-bella-spa-on-the-rideau","https://search.google.com/local/writereview?placeid=ChIJ95eOp7Kr0kwRezc6vjVV8fw"
"Elite Kingston Barbershop ( Elite Barbershop)","elite-kingston-barbershop-elite-barbershop","https://connorgorman.ca/r/elite-kingston-barbershop-elite-barbershop","https://search.google.com/local/writereview?placeid=ChIJ_eirOaqr0kwRJ1XC2Txcb0o"
"Envy Hair Studio","envy-hair-studio","https://connorgorman.ca/r/envy-hair-studio","https://search.google.com/local/writereview?placeid=ChIJMa_ckQCr0kwRan0lEAbWBbw"
"FAB Hair","fab-hair","https://connorgorman.ca/r/fab-hair","https://search.google.com/local/writereview?placeid=ChIJdbjiWf-q0kwR34sMT3S-8qc"
"Jennifer McMullen Hair - Owner of THE FOX HAIR STUDIO","jennifer-mcmullen-hair-owner-of-the-fox-hair-studio","https://connorgorman.ca/r/jennifer-mcmullen-hair-owner-of-the-fox-hair-studio","https://search.google.com/local/writereview?placeid=ChIJCx4CO0yr0kwRbkA3QSzRn9Y"
"Kingdom Nails And Spa","kingdom-nails-and-spa","https://connorgorman.ca/r/kingdom-nails-and-spa","https://search.google.com/local/writereview?placeid=ChIJu2ZejdKt0kwRGTI28ftChco"
"La Bella Beauty Bar","la-bella-beauty-bar","https://connorgorman.ca/r/la-bella-beauty-bar","https://search.google.com/local/writereview?placeid=ChIJO0heh1Wq0kwRqHCCM6tQCvo"
"La Sirene Nails and Spa","la-sirene-nails-and-spa","https://connorgorman.ca/r/la-sirene-nails-and-spa","https://search.google.com/local/writereview?placeid=ChIJRYr4C5ur0kwRkp6XagPxGFA"
"Lan Nail & Spa","lan-nail-spa","https://connorgorman.ca/r/lan-nail-spa","https://search.google.com/local/writereview?placeid=ChIJ-xTVSoes0kwRTYjUdMP9xVU"
"Lily Nail & Spa","lily-nail-spa","https://connorgorman.ca/r/lily-nail-spa","https://search.google.com/local/writereview?placeid=ChIJYVfeV0as0kwR9hQ5Ms74G7o"
"Luxe Nails and Spa","luxe-nails-and-spa","https://connorgorman.ca/r/luxe-nails-and-spa","https://search.google.com/local/writereview?placeid=ChIJvfZsjyet0kwR_XlANfoYRJ0"
"Sol Spa","sol-spa","https://connorgorman.ca/r/sol-spa","https://search.google.com/local/writereview?placeid=ChIJdzabdf-q0kwR-nSDDvj8PlY"
"Solace Spa Kingston","solace-spa-kingston","https://connorgorman.ca/r/solace-spa-kingston","https://search.google.com/local/writereview?placeid=ChIJiYgPGqSt0kwRW--vsaF3T9o"
"Teddy Nails & Spa","teddy-nails-spa","https://connorgorman.ca/r/teddy-nails-spa","https://search.google.com/local/writereview?placeid=ChIJd1ZsIcGr0kwR19A8m34bbjA"
"TG.co Hair Studio","tg-co-hair-studio","https://connorgorman.ca/r/tg-co-hair-studio","https://search.google.com/local/writereview?placeid=ChIJ3WEb402s0kwRZCW6o1VlPSo"
"The Mane Obsession Ltd.","the-mane-obsession-ltd","https://connorgorman.ca/r/the-mane-obsession-ltd","https://search.google.com/local/writereview?placeid=ChIJj3fbuaWt0kwRNaxghZn57No"
"The Orchid - Massage & Wellness Centre","the-orchid-massage-wellness-centre","https://connorgorman.ca/r/the-orchid-massage-wellness-centre","https://search.google.com/local/writereview?placeid=ChIJCfQxexmt0kwRdA501_fyctM"
"Vecchio's Barber Shop","vecchios-barber-shop","https://connorgorman.ca/r/vecchios-barber-shop","https://search.google.com/local/writereview?placeid=ChIJC2fEbACr0kwRSjZSZbAnER0"
"Ashley's Esthetics Microblading","ashleys-esthetics-microblading","https://connorgorman.ca/r/ashleys-esthetics-microblading","https://search.google.com/local/writereview?placeid=ChIJXVIhqlWq0kwRtFPLI8OcA3I"
"Blunt Hair Studio","blunt-hair-studio","https://connorgorman.ca/r/blunt-hair-studio","https://search.google.com/local/writereview?placeid=ChIJqyFSv_iq0kwR3UyVyxV01z0"
"Danimarie Aesthetics","danimarie-aesthetics","https://connorgorman.ca/r/danimarie-aesthetics","https://search.google.com/local/writereview?placeid=ChIJoYRnAnOr0kwRgrh9lrGbT60"
"Deep Rooted Massage - Kingston","deep-rooted-massage-kingston","https://connorgorman.ca/r/deep-rooted-massage-kingston","https://search.google.com/local/writereview?placeid=ChIJz_7KFuOt0kwRXCc8HT7woQo"
"Echelon Wellness Kingston","echelon-wellness-kingston","https://connorgorman.ca/r/echelon-wellness-kingston","https://search.google.com/local/writereview?placeid=ChIJnUUygBat0kwRknq0qED28Qo"
"Elevation Hair Studio","elevation-hair-studio","https://connorgorman.ca/r/elevation-hair-studio","https://search.google.com/local/writereview?placeid=ChIJGYxh2l-t0kwR141BTIkUNpY"
"Euphoria Hair Lounge","euphoria-hair-lounge","https://connorgorman.ca/r/euphoria-hair-lounge","https://search.google.com/local/writereview?placeid=ChIJJZ0m0Bqr0kwRz3rRfUwcX14"
"Full Circle Health Network","full-circle-health-network","https://connorgorman.ca/r/full-circle-health-network","https://search.google.com/local/writereview?placeid=ChIJYdFuyP-q0kwRQ5GIarOX1o0"
"KING BARBERSHOP","king-barbershop","https://connorgorman.ca/r/king-barbershop","https://search.google.com/local/writereview?placeid=ChIJsdEUbACr0kwRkKHpDCa9ml0"
"Level Up Barber Studio","level-up-barber-studio","https://connorgorman.ca/r/level-up-barber-studio","https://search.google.com/local/writereview?placeid=ChIJV7TABn-t0kwRdwO5ZE5hLQM"
"Mercury Massage Therapy","mercury-massage-therapy","https://connorgorman.ca/r/mercury-massage-therapy","https://search.google.com/local/writereview?placeid=ChIJeWGjVTKs0kwR-Ic5JAP4rbI"
"New Path Spa By Magda","new-path-spa-by-magda","https://connorgorman.ca/r/new-path-spa-by-magda","https://search.google.com/local/writereview?placeid=ChIJSxnDzlas0kwR8XxZMamKOGE"
"ODC Medispa Kingston","odc-medispa-kingston","https://connorgorman.ca/r/odc-medispa-kingston","https://search.google.com/local/writereview?placeid=ChIJj32wcXGt0kwRhhKc41ESn-s"
"Saigon Nails & Spa","saigon-nails-spa","https://connorgorman.ca/r/saigon-nails-spa","https://search.google.com/local/writereview?placeid=ChIJX7bcNQCt0kwRapHyqSD7v2c"
"Studio Queen","studio-queen","https://connorgorman.ca/r/studio-queen","https://search.google.com/local/writereview?placeid=ChIJ_TXo1xar0kwRREP6LJ7D5l0"
"Sweet Magnolia day spa","sweet-magnolia-day-spa","https://connorgorman.ca/r/sweet-magnolia-day-spa","https://search.google.com/local/writereview?placeid=ChIJT870Y9W10kwRR1ZpRGhHFNw"
"The Annex Spa","the-annex-spa","https://connorgorman.ca/r/the-annex-spa","https://search.google.com/local/writereview?placeid=ChIJ_Tz-NRSp0kwRRjArNEKEAdA"
"The Hair + Extension Room","the-hair-extension-room","https://connorgorman.ca/r/the-hair-extension-room","https://search.google.com/local/writereview?placeid=ChIJxdHPSPnOFCMRpARL-LTwNMs"
"The Live Well Centre","the-live-well-centre","https://connorgorman.ca/r/the-live-well-centre","https://search.google.com/local/writereview?placeid=ChIJcak2QFWq0kwREe81Pq_4QPI"
"The Refinery Spa and Social House","the-refinery-spa-and-social-house","https://connorgorman.ca/r/the-refinery-spa-and-social-house","https://search.google.com/local/writereview?placeid=ChIJYSYusvSr0kwRNLC5H9VdyTw"
"Total Diva Boutique Spa","total-diva-boutique-spa","https://connorgorman.ca/r/total-diva-boutique-spa","https://search.google.com/local/writereview?placeid=ChIJXUk8kQCr0kwRhWgclwWvW2g"
"Wave Hair Studio","wave-hair-studio","https://connorgorman.ca/r/wave-hair-studio","https://search.google.com/local/writereview?placeid=ChIJ5RZNURir0kwRWmBD7Jg0VAo"
"ActiveHealth Massage Therapy","activehealth-massage-therapy","https://connorgorman.ca/r/activehealth-massage-therapy","https://search.google.com/local/writereview?placeid=ChIJb0Bb53es0kwRT_vA-u06MrI"
"Aesthetics By Arza - located 5-663 Norris CT ,Kingston ON","aesthetics-by-arza-located-5-663-norris-ct-kingston-on","https://connorgorman.ca/r/aesthetics-by-arza-located-5-663-norris-ct-kingston-on","https://search.google.com/local/writereview?placeid=ChIJx_Jj21yt0kwRMQ8ovoFCAaQ"
"Aphrodite Hair Studio","aphrodite-hair-studio","https://connorgorman.ca/r/aphrodite-hair-studio","https://search.google.com/local/writereview?placeid=ChIJI55UGfSr0kwRtsyR0uyopeU"
"Axiom Wellness Centre","axiom-wellness-centre","https://connorgorman.ca/r/axiom-wellness-centre","https://search.google.com/local/writereview?placeid=ChIJLRoADJGt0kwRHCNTJZq7rzU"
"Better Balance Wellness","better-balance-wellness","https://connorgorman.ca/r/better-balance-wellness","https://search.google.com/local/writereview?placeid=ChIJuzX5lECr0kwRbhTZPuJKNRk"
"Brushez Hair Studio","brushez-hair-studio","https://connorgorman.ca/r/brushez-hair-studio","https://search.google.com/local/writereview?placeid=ChIJT-nuhLOt0kwR3uC2KyArtRQ"
"Centre Wellness","centre-wellness","https://connorgorman.ca/r/centre-wellness","https://search.google.com/local/writereview?placeid=ChIJ35UWAuUKN0URnXeaZz5KRuI"
"Cheryl Hiebert Wellness","cheryl-hiebert-wellness","https://connorgorman.ca/r/cheryl-hiebert-wellness","https://search.google.com/local/writereview?placeid=ChIJ13UMXBet0kwRac8iSMBJfik"
"Chic Hair & Esthetics Centre","chic-hair-esthetics-centre","https://connorgorman.ca/r/chic-hair-esthetics-centre","https://search.google.com/local/writereview?placeid=ChIJO1d1N_-q0kwR2GBzmALGF0c"
"Children's Wellness Centre","childrens-wellness-centre","https://connorgorman.ca/r/childrens-wellness-centre","https://search.google.com/local/writereview?placeid=ChIJy-q4RpdebYARFi8vaJ_VxJk"
"Evergreen Health Collective","evergreen-health-collective","https://connorgorman.ca/r/evergreen-health-collective","https://search.google.com/local/writereview?placeid=ChIJUw9Aveit0kwRFxuEpALfE2s"
"FAM Medical Aesthetics","fam-medical-aesthetics","https://connorgorman.ca/r/fam-medical-aesthetics","https://search.google.com/local/writereview?placeid=ChIJ3dPL4aGt0kwRely19hXpCzY"
"Greenhaven Massage Therapy","greenhaven-massage-therapy","https://connorgorman.ca/r/greenhaven-massage-therapy","https://search.google.com/local/writereview?placeid=ChIJWXp2Evys0kwRTOnIe8HSbxU"
"Hair of the Dog Barber & Pub","hair-of-the-dog-barber-pub","https://connorgorman.ca/r/hair-of-the-dog-barber-pub","https://search.google.com/local/writereview?placeid=ChIJsWNvXM-r0kwRANsw5OOp-AE"
"Jimmy Hair Studio","jimmy-hair-studio","https://connorgorman.ca/r/jimmy-hair-studio","https://search.google.com/local/writereview?placeid=ChIJ-b5dxviq0kwREjm2c7sJifw"
"King's Town Massage Therapy & Wellness","kings-town-massage-therapy-wellness","https://connorgorman.ca/r/kings-town-massage-therapy-wellness","https://search.google.com/local/writereview?placeid=ChIJcfioT_Kn0kwRAKnyfdPnhdQ"
"Kingston Massage Therapy","kingston-massage-therapy","https://connorgorman.ca/r/kingston-massage-therapy","https://search.google.com/local/writereview?placeid=ChIJa-8aoh-t0kwRyak8_AfcK2Q"
"Kingston Nails Spa Salon","kingston-nails-spa-salon","https://connorgorman.ca/r/kingston-nails-spa-salon","https://search.google.com/local/writereview?placeid=ChIJaXrYnHCr0kwRy0gb6VW7ePs"
"Limestone Therapies","limestone-therapies","https://connorgorman.ca/r/limestone-therapies","https://search.google.com/local/writereview?placeid=ChIJU-Bfh0is0kwRcwAJD6S4I18"
"Lotus and Lavender Day Spa","lotus-and-lavender-day-spa","https://connorgorman.ca/r/lotus-and-lavender-day-spa","https://search.google.com/local/writereview?placeid=ChIJR29LiFut0kwRF93wfmKk1-Y"
"MD Massage Therapy","md-massage-therapy","https://connorgorman.ca/r/md-massage-therapy","https://search.google.com/local/writereview?placeid=ChIJMzcsJtyr0kwRPkmbr7Ez4A8"
"Oak and Ivory Hair Co.","oak-and-ivory-hair-co","https://connorgorman.ca/r/oak-and-ivory-hair-co","https://search.google.com/local/writereview?placeid=ChIJ21LCTJOr0kwRDkJAy20g0rk"
"Prana Healing","prana-healing","https://connorgorman.ca/r/prana-healing","https://search.google.com/local/writereview?placeid=ChIJ03208IGt0kwRT744Ax2NDkE"
"Salon Yetmir","salon-yetmir","https://connorgorman.ca/r/salon-yetmir","https://search.google.com/local/writereview?placeid=ChIJq3AJ0las0kwRcb3IZ71MQ1A"
"Simon Buchan, R.M.T.","simon-buchan-r-m-t","https://connorgorman.ca/r/simon-buchan-r-m-t","https://search.google.com/local/writereview?placeid=ChIJI28oL4g2K4gRd--8TEsZd0s"
"Symphony Spa & Yoga","symphony-spa-yoga","https://connorgorman.ca/r/symphony-spa-yoga","https://search.google.com/local/writereview?placeid=ChIJQQerwwCr0kwRfGGQTH9NxxM"
"The Artistry Collective","the-artistry-collective","https://connorgorman.ca/r/the-artistry-collective","https://search.google.com/local/writereview?placeid=ChIJ5wrmZ1Wq0kwR0RLbbgfhoSM"
"The Barber's Philosophy","the-barbers-philosophy","https://connorgorman.ca/r/the-barbers-philosophy","https://search.google.com/local/writereview?placeid=ChIJDZRScrpUhQoRX-98u9hbPxs"
"U Nail & Spa","u-nail-spa","https://connorgorman.ca/r/u-nail-spa","https://search.google.com/local/writereview?placeid=ChIJmwhgs8ep0kwR66egaB2DQKI"
"Wellington Acupuncture & Massage","wellington-acupuncture-massage","https://connorgorman.ca/r/wellington-acupuncture-massage","https://search.google.com/local/writereview?placeid=ChIJI7mnhFWq0kwR6ituScBa9YM"
"1212 SPA","1212-spa","https://connorgorman.ca/r/1212-spa","https://search.google.com/local/writereview?placeid=ChIJe66k6EtVzUwRgIooImDZ1KE"
"Aura Skin and Soul Care","aura-skin-and-soul-care","https://connorgorman.ca/r/aura-skin-and-soul-care","https://search.google.com/local/writereview?placeid=ChIJq7l58Kyt0kwR5xNBI_xt6OA"
"Kingston","kingston","https://connorgorman.ca/r/kingston","https://search.google.com/local/writereview?placeid=ChIJqY5AdAar0kwR6tnWFXdJpXY"
"Trailhead","trailhead","https://connorgorman.ca/r/trailhead","https://search.google.com/local/writereview?placeid=ChIJ_U8naQCr0kwRDjo3bFS20lQ"
"HEAL Wellness","heal-wellness","https://connorgorman.ca/r/heal-wellness","https://search.google.com/local/writereview?placeid=ChIJQ07oVQ-r0kwRyesiS-neE-E"
"Frontenac Cycle","frontenac-cycle","https://connorgorman.ca/r/frontenac-cycle","https://search.google.com/local/writereview?placeid=ChIJ29PXpwCr0kwRTxmDGnNJhYU"
"Ray","ray","https://connorgorman.ca/r/ray","https://search.google.com/local/writereview?placeid=ChIJzfcyPq-r0kwRFf_Y5M4XT1I"
"Jinx Hair Lab","jinx-hair-lab","https://connorgorman.ca/r/jinx-hair-lab","https://search.google.com/local/writereview?placeid=ChIJsXmJBJKr0kwRaAesPhJB1FI"
"Yellow Bike Action","yellow-bike-action","https://connorgorman.ca/r/yellow-bike-action","https://search.google.com/local/writereview?placeid=ChIJjYKmOKmr0kwRts5Btm9yn2A"
"Princess Street Physiotherapy & Sports Rehab, Kingston, Ontario","princess-street-physiotherapy-sports-rehab-kingston-ontario","https://connorgorman.ca/r/princess-street-physiotherapy-sports-rehab-kingston-ontario","https://search.google.com/local/writereview?placeid=ChIJ_WR0ccer0kwRtqTjTILEcYI"
"JD Physiotherapy","jd-physiotherapy","https://connorgorman.ca/r/jd-physiotherapy","https://search.google.com/local/writereview?placeid=ChIJBUFtTXyr0kwR2Imqxmx0lww"
"Magicuts","magicuts","https://connorgorman.ca/r/magicuts","https://search.google.com/local/writereview?placeid=ChIJ9_1_oJur0kwROueCTGAkQwE"
"Wellwise Home Health & Wellness","wellwise-home-health-wellness","https://connorgorman.ca/r/wellwise-home-health-wellness","https://search.google.com/local/writereview?placeid=ChIJb0ceKpur0kwRfVB9aQVD5H0"
"Porch Hair Salon","porch-hair-salon","https://connorgorman.ca/r/porch-hair-salon","https://search.google.com/local/writereview?placeid=ChIJ5VMOQOGr0kwR0C2Q5rvuzks"
"Rick's Bike Repair","ricks-bike-repair","https://connorgorman.ca/r/ricks-bike-repair","https://search.google.com/local/writereview?placeid=ChIJ4UqWOoup0kwRZKZrUBEcjLw"
"Soothing Oasis Spa","soothing-oasis-spa","https://connorgorman.ca/r/soothing-oasis-spa","https://search.google.com/local/writereview?placeid=ChIJkX6s1cyo0kwRQ1xISNNOLz8"
"CS Physiotherapy & Wellness Centre","cs-physiotherapy-wellness-centre","https://connorgorman.ca/r/cs-physiotherapy-wellness-centre","https://search.google.com/local/writereview?placeid=ChIJ38BTV9mt0kwRyelgdzuOGnI"
"R L Fletcher Bicycle Repair","r-l-fletcher-bicycle-repair","https://connorgorman.ca/r/r-l-fletcher-bicycle-repair","https://search.google.com/local/writereview?placeid=ChIJpQd4kXas0kwRwqWU1dP3_rY"
"Pedal Works Café & Studios","pedal-works-caf-studios","https://connorgorman.ca/r/pedal-works-caf-studios","https://search.google.com/local/writereview?placeid=ChIJZYNq8kit0kwRtrNZp6sJb_U"
"Physiotherapy Kingston - CBI Health","physiotherapy-kingston-cbi-health","https://connorgorman.ca/r/physiotherapy-kingston-cbi-health","https://search.google.com/local/writereview?placeid=ChIJa3x54aGr0kwRgYApSaFP5VY"
"J&J Cycle","j-j-cycle","https://connorgorman.ca/r/j-j-cycle","https://search.google.com/local/writereview?placeid=ChIJMfrCQ3vBVkARoBp1UqK7vf4"
"The Right Move Physiotherapy and Health Management Inc.","the-right-move-physiotherapy-and-health-management-inc","https://connorgorman.ca/r/the-right-move-physiotherapy-and-health-management-inc","https://search.google.com/local/writereview?placeid=ChIJo9VAHfGs0kwRp1Msn_GvbjE"
"Westside Cycle & Café","westside-cycle-caf","https://connorgorman.ca/r/westside-cycle-caf","https://search.google.com/local/writereview?placeid=ChIJx2akfbit0kwRAkXJFBLE8I0"
"K-TOWN Physiotherapy Arlington","k-town-physiotherapy-arlington","https://connorgorman.ca/r/k-town-physiotherapy-arlington","https://search.google.com/local/writereview?placeid=ChIJwV9xfw-t0kwR5FSpVLAIBpc"
"Lifemark Physiotherapy Blackburn & Taylor Kidd","lifemark-physiotherapy-blackburn-taylor-kidd","https://connorgorman.ca/r/lifemark-physiotherapy-blackburn-taylor-kidd","https://search.google.com/local/writereview?placeid=ChIJKUjzJfqs0kwRGcJWPq-waIc"
"Move Authentically Physiotherapy","move-authentically-physiotherapy","https://connorgorman.ca/r/move-authentically-physiotherapy","https://search.google.com/local/writereview?placeid=ChIJtzO8FJyr0kwR6llYU9volF8"
"Riders Gears spot","riders-gears-spot","https://connorgorman.ca/r/riders-gears-spot","https://search.google.com/local/writereview?placeid=ChIJ8QkRqX-t0kwRAlbaONgf_vE"
"K-TOWN Physiotherapy West","k-town-physiotherapy-west","https://connorgorman.ca/r/k-town-physiotherapy-west","https://search.google.com/local/writereview?placeid=ChIJt3A22DKs0kwRNhx7IVyuLrc"
"Best Health Physiotherapy","best-health-physiotherapy","https://connorgorman.ca/r/best-health-physiotherapy","https://search.google.com/local/writereview?placeid=ChIJs8Z1zNat0kwRzmSmrjJsnbw"
"Kingston Athletic Therapy Centre","kingston-athletic-therapy-centre","https://connorgorman.ca/r/kingston-athletic-therapy-centre","https://search.google.com/local/writereview?placeid=ChIJs2yYo9at0kwRdgWrkEPOTmY"
"Beauty & Wellness Collective","beauty-wellness-collective","https://connorgorman.ca/r/beauty-wellness-collective","https://search.google.com/local/writereview?placeid=ChIJWxHyF9St0kwRPOPPOruv-sM"
"PROGRESS PHYSIOTHERAPY","progress-physiotherapy","https://connorgorman.ca/r/progress-physiotherapy","https://search.google.com/local/writereview?placeid=ChIJxzw7N0as0kwROPTdrlOsM_8"
"Bayridge Physiotherapy","bayridge-physiotherapy","https://connorgorman.ca/r/bayridge-physiotherapy","https://search.google.com/local/writereview?placeid=ChIJRRWBdaSt0kwRiaH73RcPZVU"
"💈Fade District 💈","fade-district","https://connorgorman.ca/r/fade-district","https://search.google.com/local/writereview?placeid=ChIJU018CgCt0kwRg6lxGNSFDkY"
"The Bike Medic","the-bike-medic","https://connorgorman.ca/r/the-bike-medic","https://search.google.com/local/writereview?placeid=ChIJPWcFt_Kz0kwRYGTMzu43Bmg"
"Trek Bicycle Kingston","trek-bicycle-kingston","https://connorgorman.ca/r/trek-bicycle-kingston","https://search.google.com/local/writereview?placeid=ChIJz7OhJqir0kwRdMgWxACQupc"
"Spaveya","spaveya","https://connorgorman.ca/r/spaveya","https://search.google.com/local/writereview?placeid=ChIJXVtW9rir0kwR6deRKiGyq7I"
"Student Wellness Services","student-wellness-services","https://connorgorman.ca/r/student-wellness-services","https://search.google.com/local/writereview?placeid=ChIJKTKRnxyr0kwRxwnWwg9oOko"
"Cycle Kingston","cycle-kingston","https://connorgorman.ca/r/cycle-kingston","https://search.google.com/local/writereview?placeid=ChIJq6pqq_-q0kwREXgRw-asOkE"
"Prabhii Hair Atelier","prabhii-hair-atelier","https://connorgorman.ca/r/prabhii-hair-atelier","https://search.google.com/local/writereview?placeid=ChIJa_v8v7yr0kwROLP5O7XaHiM"
"Skandiflow Health & Wellness","skandiflow-health-wellness","https://connorgorman.ca/r/skandiflow-health-wellness","https://search.google.com/local/writereview?placeid=ChIJYXHuopqr0kwRJoEMp5O-Ht4"
"K-TOWN Physiotherapy Downtown","k-town-physiotherapy-downtown","https://connorgorman.ca/r/k-town-physiotherapy-downtown","https://search.google.com/local/writereview?placeid=ChIJsUyMSP-q0kwRA4MbqIYj2Ho"
"Health in Focus Sports Injury & Rehab - Downtown","health-in-focus-sports-injury-rehab-downtown","https://connorgorman.ca/r/health-in-focus-sports-injury-rehab-downtown","https://search.google.com/local/writereview?placeid=ChIJGzXeP_6q0kwRPnQecBrlTYc"
"Gear Up! Recycled Bicycles","gear-up-recycled-bicycles","https://connorgorman.ca/r/gear-up-recycled-bicycles","https://search.google.com/local/writereview?placeid=ChIJqaru5Kyr0kwRn15Tyx5Ksho"
"Spear Wellness Centre","spear-wellness-centre","https://connorgorman.ca/r/spear-wellness-centre","https://search.google.com/local/writereview?placeid=ChIJuZBRUU2q0kwR7ALCLypKAzE"
"i-Cycle Electric Bike Co","i-cycle-electric-bike-co","https://connorgorman.ca/r/i-cycle-electric-bike-co","https://search.google.com/local/writereview?placeid=ChIJAwYPJY9FzUwRjO8QTSmbgx8"
"Athletico Sports Physiotherapy","athletico-sports-physiotherapy","https://connorgorman.ca/r/athletico-sports-physiotherapy","https://search.google.com/local/writereview?placeid=ChIJR673Kmaq0kwR93ieHBMnyJ4"
"Summit Physiotherapy - Kingston","summit-physiotherapy-kingston","https://connorgorman.ca/r/summit-physiotherapy-kingston","https://search.google.com/local/writereview?placeid=ChIJQ6Rj0Iyp0kwRdzorFTRxV1Y"
"North of Now Wellness","north-of-now-wellness","https://connorgorman.ca/r/north-of-now-wellness","https://search.google.com/local/writereview?placeid=ChIJhW2Mdpap0kwROaoe4vU6cHQ"
"Health in Focus Sports Injury & Rehab - East","health-in-focus-sports-injury-rehab-east","https://connorgorman.ca/r/health-in-focus-sports-injury-rehab-east","https://search.google.com/local/writereview?placeid=ChIJETvDvgip0kwRXTcHHS9uydI"
"Kingston Pelvic Health","kingston-pelvic-health","https://connorgorman.ca/r/kingston-pelvic-health","https://search.google.com/local/writereview?placeid=ChIJ4VJNcP2s0kwRlwD62ueqtlk"
"Unique Cycle Kingston Inc.","unique-cycle-kingston-inc","https://connorgorman.ca/r/unique-cycle-kingston-inc","https://search.google.com/local/writereview?placeid=ChIJ5RXBGvKu0kwRQXClbnHjI8M"
"RE-GEAR","re-gear","https://connorgorman.ca/r/re-gear","https://search.google.com/local/writereview?placeid=ChIJX3sztjGv0kwRfOfAYdZOiBE"
"MTB Kingston","mtb-kingston","https://connorgorman.ca/r/mtb-kingston","https://search.google.com/local/writereview?placeid=ChIJo2S9DbKp0kwRs7THz6IDnyM"
"Kingston Cyclery","kingston-cyclery","https://connorgorman.ca/r/kingston-cyclery","https://search.google.com/local/writereview?placeid=ChIJX3soQy4P3YkRPIufS3iGxyE"
"Revolution Bicycles","revolution-bicycles","https://connorgorman.ca/r/revolution-bicycles","https://search.google.com/local/writereview?placeid=ChIJZ2fobien3YkRzkTWVTjind0"
"Balfe's Bikes Kingston","balfes-bikes-kingston","https://connorgorman.ca/r/balfes-bikes-kingston","https://search.google.com/local/writereview?placeid=ChIJVQV8QLMLdkgRaoAmF0-6VqE"
"Art Noise","art-noise","https://connorgorman.ca/r/art-noise","https://search.google.com/local/writereview?placeid=ChIJ--U7ZwCr0kwRoQELKgVG5p8"
"Maison Paul Coiffure","maison-paul-coiffure","https://connorgorman.ca/r/maison-paul-coiffure","https://search.google.com/local/writereview?placeid=ChIJ1dX64qer0kwRUodCljetVdw"
"Transformation Training Health Centre","transformation-training-health-centre","https://connorgorman.ca/r/transformation-training-health-centre","https://search.google.com/local/writereview?placeid=ChIJQZLeoaer0kwREI74WP-82wA"
"Trendsetter Hair Clinic","trendsetter-hair-clinic","https://connorgorman.ca/r/trendsetter-hair-clinic","https://search.google.com/local/writereview?placeid=ChIJYU_AQ7et0kwRk6RAGmYJQA8"
"I.D.Beauty","i-d-beauty","https://connorgorman.ca/r/i-d-beauty","https://search.google.com/local/writereview?placeid=ChIJuSFVq4er0kwRkLnQUBoHmiE"
"Jess bird [Make-up] Artist","jess-bird-make-up-artist","https://connorgorman.ca/r/jess-bird-make-up-artist","https://search.google.com/local/writereview?placeid=ChIJOXswhaGr0kwRNVJqawEcYM8"
"Serenity Spa","serenity-spa","https://connorgorman.ca/r/serenity-spa","https://search.google.com/local/writereview?placeid=ChIJ2x1rwgCr0kwRmECVmkTaViw"
"The Lash Room By Chay","the-lash-room-by-chay","https://connorgorman.ca/r/the-lash-room-by-chay","https://search.google.com/local/writereview?placeid=ChIJAUscu_iq0kwRBbMe3jiH__E"
"Caibeauty","caibeauty","https://connorgorman.ca/r/caibeauty","https://search.google.com/local/writereview?placeid=ChIJo2u6jRGt0kwRa44qrKU9NJo"
"Holistically Hip","holistically-hip","https://connorgorman.ca/r/holistically-hip","https://search.google.com/local/writereview?placeid=ChIJUf3nGQCr0kwRaWAvxGj08n8"
"Kingston Integrated Healthcare Inc.","kingston-integrated-healthcare-inc","https://connorgorman.ca/r/kingston-integrated-healthcare-inc","https://search.google.com/local/writereview?placeid=ChIJG3mwFJyr0kwReZ3dvCLpk0E"
"NourishCoHealth Inc.","nourishcohealth-inc","https://connorgorman.ca/r/nourishcohealth-inc","https://search.google.com/local/writereview?placeid=ChIJURMOzZKr0kwRWUInTnaZms4"
"The Beauty Development","the-beauty-development","https://connorgorman.ca/r/the-beauty-development","https://search.google.com/local/writereview?placeid=ChIJa3hAJv6s0kwRyElD25rKhxM"
"The Kingston Injury Management Centre","the-kingston-injury-management-centre","https://connorgorman.ca/r/the-kingston-injury-management-centre","https://search.google.com/local/writereview?placeid=ChIJj-7dHHes0kwR-QmRhMJup1Y"
"Warrior Spirit Healing Arts","warrior-spirit-healing-arts","https://connorgorman.ca/r/warrior-spirit-healing-arts","https://search.google.com/local/writereview?placeid=ChIJEyEQoxhlLIgRhJWV2qx_oV4"
"A Kneaded Calm Massage","a-kneaded-calm-massage","https://connorgorman.ca/r/a-kneaded-calm-massage","https://search.google.com/local/writereview?placeid=ChIJ___PPqKr0kwR2RHon805Ek0"
"Hair by Jaime and Hair by Nancy","hair-by-jaime-and-hair-by-nancy","https://connorgorman.ca/r/hair-by-jaime-and-hair-by-nancy","https://search.google.com/local/writereview?placeid=ChIJwztU5ICr0kwR2Wr3Bzq9qd4"
"Kingston Wellness Centre","kingston-wellness-centre","https://connorgorman.ca/r/kingston-wellness-centre","https://search.google.com/local/writereview?placeid=ChIJu0M4jv-q0kwRpeOeoi6zh-4"
"New Horizons Therapy Centre","new-horizons-therapy-centre","https://connorgorman.ca/r/new-horizons-therapy-centre","https://search.google.com/local/writereview?placeid=ChIJS-ceBaKr0kwR68edh2593PA"
"The Beauty Concept","the-beauty-concept","https://connorgorman.ca/r/the-beauty-concept","https://search.google.com/local/writereview?placeid=ChIJ0yAf6T-t0kwRalIKvRf7cIk"
"Zrinka Vukadinovic Registered Massage Therapy","zrinka-vukadinovic-registered-massage-therapy","https://connorgorman.ca/r/zrinka-vukadinovic-registered-massage-therapy","https://search.google.com/local/writereview?placeid=ChIJ55A43AKr0kwRfhe5WkeIAvc"
"Back to Prime Physiotherapy and Performance","back-to-prime-physiotherapy-and-performance","https://connorgorman.ca/r/back-to-prime-physiotherapy-and-performance","https://search.google.com/local/writereview?placeid=ChIJPwva_Fet0kwRfQE994lMYtQ"
"Back-On-Track Osteopathy","back-on-track-osteopathy","https://connorgorman.ca/r/back-on-track-osteopathy","https://search.google.com/local/writereview?placeid=ChIJT-aFyBOr0kwR2W1XLACpzNk"
"Beauty in the East Medical Spa","beauty-in-the-east-medical-spa","https://connorgorman.ca/r/beauty-in-the-east-medical-spa","https://search.google.com/local/writereview?placeid=ChIJdV3Tt4-r0kwRcx3aEj3ooOg"
"BodyMind Somatic Therapy, Registered Massage & Yoga Therapy","bodymind-somatic-therapy-registered-massage-yoga-therapy","https://connorgorman.ca/r/bodymind-somatic-therapy-registered-massage-yoga-therapy","https://search.google.com/local/writereview?placeid=ChIJVVUVqACr0kwRd4Gcb9GLjwo"
"David Barker Clinic","david-barker-clinic","https://connorgorman.ca/r/david-barker-clinic","https://search.google.com/local/writereview?placeid=ChIJu5wfyQGr0kwRMzM36DkW1yg"
"function + flow massage therapy","function-flow-massage-therapy","https://connorgorman.ca/r/function-flow-massage-therapy","https://search.google.com/local/writereview?placeid=ChIJ0YLc5E-r0kwRG4DBfLSyxhw"
"Infinite Wellness Pilates Studio","infinite-wellness-pilates-studio","https://connorgorman.ca/r/infinite-wellness-pilates-studio","https://search.google.com/local/writereview?placeid=ChIJ7SG4HsGr0kwRvmH2s2ohg24"
"kingston curly hair","kingston-curly-hair","https://connorgorman.ca/r/kingston-curly-hair","https://search.google.com/local/writereview?placeid=ChIJJ-WzQ0Sr0kwRUmic06ql3t0"
"Move Better Physiotherapy","move-better-physiotherapy","https://connorgorman.ca/r/move-better-physiotherapy","https://search.google.com/local/writereview?placeid=ChIJwahab5-r0kwRJhywany8Np8"
"Sarah Walker CST","sarah-walker-cst","https://connorgorman.ca/r/sarah-walker-cst","https://search.google.com/local/writereview?placeid=ChIJVVHXlZKp0kwRL5QnRHD4TBM"
"The Beauty Room","the-beauty-room","https://connorgorman.ca/r/the-beauty-room","https://search.google.com/local/writereview?placeid=ChIJO4VcRKKt0kwRCjGRzeWO4os"
"The Beauty Room & Co","the-beauty-room-co","https://connorgorman.ca/r/the-beauty-room-co","https://search.google.com/local/writereview?placeid=ChIJnQ3zJlmt0kwRT0OmQBZcIgQ"
"The Hair Studio on Barrie","the-hair-studio-on-barrie","https://connorgorman.ca/r/the-hair-studio-on-barrie","https://search.google.com/local/writereview?placeid=ChIJ3yYEpgCr0kwR-ladrF4U-B8"
"Touchworks of Kingston Registered Massage Therapy","touchworks-of-kingston-registered-massage-therapy","https://connorgorman.ca/r/touchworks-of-kingston-registered-massage-therapy","https://search.google.com/local/writereview?placeid=ChIJ8yXaq7Kr0kwRnyI0yEzmjWU"
"zen haus","zen-haus","https://connorgorman.ca/r/zen-haus","https://search.google.com/local/writereview?placeid=ChIJ27hIlz1YqoIRcCxUiKxcS14"

